Timestamp,num_of_likes,context_profile_page
2023-11-30 05:21:29,1,
2023-11-30 05:23:19,,"{'object': <Profile: maheepmahat>, 'profile': <Profile: maheepmahat>, 'view': <base.views.ShowProfilePageView object at 0x10310b350>, 'page_user': <Profile: maheepmahat>, 'logged_in_user_posts': <QuerySet [<Post: first post | maheepmahat>, <Post: first post | maheepmahat>]>, 'num_posts': 2, 'button_text': 'Follow', 'user_followers': 0, 'user_following': 0}"
2023-11-30 18:18:12,0,
2023-11-30 18:24:45,1,
2023-11-30 18:25:09,0,
2023-11-30 18:25:15,1,
2023-11-30 18:25:31,0,
2023-12-01 04:05:29,1,
2023-12-01 04:06:36,1,
2023-12-01 15:42:58,0,
2023-12-01 15:42:59,0,
2023-12-01 15:43:50,,"{'object': <Profile: maheepmahat>, 'profile': <Profile: maheepmahat>, 'view': <base.views.ShowProfilePageView object at 0x1051521d0>, 'page_user': <Profile: maheepmahat>, 'logged_in_user_posts': <QuerySet [<Post: first post | maheepmahat>, <Post: first post | maheepmahat>, <Post: third post | maheepmahat>]>, 'num_posts': 3, 'button_text': 'Follow', 'user_followers': 0, 'user_following': 0}"
